[
    {
      "title": "Student Manager",
      "imageSrc": "projects/project.png",
      "description": "'Student Manager in Vue.js' is a responsive web application developed using Vue.js.",
      "skills": ["Vue.js", "Node.js", "JavaScript"],
      "demo": "https://github.com/Gbmonte9/Gestor-de-Estudantes-em-Vue.js.git",
      "source": "https://github.com/Gbmonte9/Gestor-de-Estudantes-em-Vue.js.git"
    },
    {
      "title": "Sport-Class",
      "imageSrc": "projects/project.png",
      "description": "I created a project with advanced HTML, responsiveness and Bootstrap. It allows the registration of students and teachers, in addition to creating and managing classes through CRUD operations.",
      "skills": ["Java", "Bootstrap", "JavaScript"],
      "demo": "https://github.com/Gbmonte9/Esporte-Aula.git",
      "source": "https://github.com/Gbmonte9/Esporte-Aula.git"
    },
    {
      "title": "Cinema-web",
      "imageSrc": "projects/project.png",
      "description": "I developed a cinema simulation project with the following characteristics: It uses 4 main classes: Customer, Film, Session and Sale. Functionality allows customers to register, choose films available in sessions and make purchases.",
      "skills": ["Java", "Bootstrap", "JavaScript"],
      "demo": "https://github.com/Gbmonte9/Cinema-web.git",
      "source": "https://github.com/Gbmonte9/Cinema-web.git"
    }
  ]