[
    {
      "title": "HTML",
      "imageSrc": "skills/html.png"
    },
    {
      "title": "CSS",
      "imageSrc": "skills/css.png"
    },
    {
      "title": "React",
      "imageSrc": "skills/react.png"
    },
    {
      "title": "Node",
      "imageSrc": "skills/node.png"
    },
    {
      "title": "Java",
      "imageSrc": "skills/java.png"
    },
    {
      "title": "MongoDB",
      "imageSrc": "skills/mongodb.png"
    },
    {
      "title": "Bootstrap",
      "imageSrc": "skills/bootstrap.png"
    },
    {
      "title": "Vue.js",
      "imageSrc": "skills/vue.png"
    },
    {
      "title": "SQL",
      "imageSrc": "skills/database.png"
    }
  ]